Size,Algorithm,Time(s)
64,Standard,0.08230018615722656
64,Strassen,0.11664843559265137
64,RL_Discovered,0.00031566619873046875
128,Standard,0.6123149394989014
128,Strassen,0.788792610168457
128,RL_Discovered,0.0004324913024902344
256,Standard,5.030450105667114
256,Strassen,5.8402228355407715
256,RL_Discovered,0.013701915740966797
