Size,Algorithm,Time(s)
64,Standard,0.07341146469116211
64,Strassen,0.11287307739257812
64,RL_Discovered,0.07679152488708496
128,Standard,0.5991554260253906
128,Strassen,0.7707281112670898
128,RL_Discovered,0.6095473766326904
256,Standard,4.895884037017822
256,Strassen,5.522979736328125
256,RL_Discovered,4.84444260597229
